{"stephen": 1000.211381548001, "bloom": 869.0147181683894, "j": 365.9817113356511, "don\u2019t": 361.8228282522914, "dedalus": 332.71064666877373, "yes": 319.5408502381348, "glaucon": 268.2479588766988, "republic": 228.73856958478194, "plato": 223.88653932086234, "thrasymachus": 178.8319725844659, "alice": 230.12486394590184, "[illustration]": 45.747713916956386, "rabbit": 41.58883083359672, "duchess": 39.50938929191688, "caterpillar": 29.1121815835177, "soveraign": 1023.0852385064792, "common-wealth": 867.1271228804915, "onely": 856.7299151720923, "civill": 675.8185010459466, "kingdome": 592.6408393787532, "martians": 330.6312051270939, "martian": 160.11699870934734, "pit": 109.51725452847136, "woking": 103.97207708399179, "heat-ray": 70.70101241711441, "elizabeth": 804.0507294495366, "darcy": 711.1690072545039, "bennet": 576.0053070453145, "jane": 526.0987100449985, "bingley": 494.9070869198009, "jo": 2476.6148761406844, "meg": 1276.7771065914192, "amy": 1141.6134063822299, "laurie": 1091.7068093819137, "beth": 813.0616427968158, "o'er": 754.8372796297804, "thy": 644.6268779207492, "hector": 500.4522643642805, "jove": 467.18119969740314, "achilles": 391.35087195167876}